BrightMLS,BrightMLS,bright_mls
Canada - CENTRIS,CENTRIS,can_centris
Canada - CREA,Canadian Real Estate Association,can_crea
Cayman Islands - CI,Cayman Islands Real Estate Brokers Association,ci_reba
California - Homes Magazine,,cm_homesmagazine
Iowa - Council Bluffs,,cm_ia_cbmls
Luxury Ranch Real Estate,,cm_lrre
Nebraska - Omaha,,cm_ne_omahamls
Costa Rica MLS,NULL,cr_mls
South Dakota - AAAR,NULL,ds_aaar
Missouri/Kansas - Heartland MLS,Heartland Multiple Listing Service Inc.,moks_hl
North/South Carolina - CMLS,Canopy MLS,ncsc_cmls
Southern Georgian Bay Association of REALTORS,ON_SGBAR,on_sgbar
Pennsylvania - MJHMLS,,sa_test
US_CRGR,Costa Rica Global Associaton of Realtors,us_crgr
Guam - GAR,Guam Association of REALTORS®,us_gar
Mexico - BCS,NULL,mx_bcs
Tennessee Virginia - MLS,Tennessee Virginia Regional Multiple Listing Service,tnva_mls
Northwest Wyoming Board of REALTORS®,ny_nwbr,ny_nwbr
Pennsylvania - TREND,TReND Inc.,nj_trend
Mid Kansas Multiple Listing Service,ky_mkmls,ky_mkmls
