Alberta - CARA,,ab_cara,🌲
Alberta - CBR,Calgary Board of REALTORS®,ab_cbr,🌲
Alberta - EBR,REALTORS® Association of Edmonton,ab_ebr,🌲
Alaska - AMLS,Alaska Multiple Listing Service Inc.,ak_amls,🧊
Alaska - GFBOR,Greater Fairbanks Board of REALTORS®;,ak_gfbor,🧊
Alaska - SEAKMLS,Southeast Alaska MLS,ak_seakmls,🧊
Alabama - BAMLS,Greater Alabama MLS,al_bamls,🌺
Alabama - BCAR,Baldwin County Association of REALTORS®,al_bcar,🌺
Alabama - CAR,Cullman Association of REALTORS®,al_car,🌺
Alabama - CCAR,,al_ccar,🌺
Alabama - DMLS,Southeast Alabama Association of Realtors ®,al_dmls,🌺
Alabama - EUBR,,al_eubr,🌺
Alabama - LCAR,Lee County Association of REALTORS®,al_lcar,🌺
Alabama - LMAAR,Lake Martin Association of REALTORS®,al_lmaar,🌺
Alabama - MAAR,Mobile Area Association of REALTORS®,al_maar,🌺
Alabama - MLSM,Montgomery Area Association of REALTORS®,al_mlsm,🌺
Alabama - NALMLS,Valley MLS,al_nalmls,🌺
Alabama - PCBR,,al_pcbr,🌺
Alabama - SAAR,Shoals Area Association of REALTORS,al_saar,🌺
Alabama - WAMLS,West Alabama Multiple Listing Service Inc.,al_wamls,🌺
Alabama - WBOR,Wiregrass Board of Realtors,al_wbor,🌺
Alabama - WCABR,Walker County Area Board of REALTORS,al_wcabr,🌺
Arkansas - BBOR,,ar_bbor,🪨
Arkansas - CARMLS,Cooperative Arkansas REALTORS® Multiple Listing Services Inc.,ar_carmls,🪨
Arkansas - CCBOR,,ar_ccbor,🪨
Arkansas - EDBR,ar_edbr,ar_edbr,🪨
Arkansas - FSBOR,Fort Smith Board of REALTORS®,ar_fsbor,🪨
Arkansas - HDBR,Harrison District Board of REALTORS®,ar_hdbr,🪨
Arkansas - HSBOR,Hot Springs Board of REALTORS®,ar_hsbor,🪨
Arkansas - JBOR,Jonesboro Board of REALTORS®,ar_jbor,🪨
Arkansas - JCBR,,ar_jcbr,🪨
Arkansas - NCBR,,ar_ncbr,🪨
Arkansas - NWAR,Northwest Arkansas Board of REALTORS® MLS,ar_nwar,🪨
Arkansas - RBR,Russellville Board of Realtors,ar_rbr,🪨
Arkansas - TMLS,Texarkana Board of REALTORS®,ar_tmls,🪨
Arizona - BDMLS,Page Lake Powell MLS,az_bdmls,🏜
Arizona - CABOR,Central Arizona Board of REALTORS®,az_cabor,🏜
Arizona - GLS,Globe Listing Service,az_gls,🏜
Arizona - LHAR,Lake Havasu Association of REALTORS®,az_lhar,🏜
Arizona - ARMLS,Arizona Regional Multiple Listing Service,az_mls,🏜
Arizona - NAAR,Northern Arizona Association of REALTORS®;,az_naar,🏜
Arizona - PAAR,Prescott Association of REALTORS®;,az_paar,🏜
Arizona - SAMLS,Southeastern Arizona Multiple Listing Service,az_samls,🏜
Arizona - SVVAOR,Sedona Verde Valley Association of REALTORS®;,az_svvaor,🏜
Arizona - TAR,Multiple Listing Service of Southern Arizona,az_tar,🏜
Arizona - WARDEX,Western Arizona REALTORS® Data Exchange,az_wardex,🏜
Arizona - WMAR,White Mountain Association of REALTORS®,az_wmar,🏜
Arizona - YAR,Yuma Association of REALTORS®,az_yar,🏜
British Columbia - VBR,Real Estate Board of Greater Vancouver,bc_vbr,🍁
British Columbia - VBR,Real Estate Board of Greater Vancouver,bc_vbr_test,🍁
British Columbia - VREB,Victoria Real Estate Board,bc_vreb,🍁
California - BAOR,Bakersfield Association of REALTORS®,ca_baor,🌉
California - BAREIS,Bay Area Real Estate Information Services Inc.,ca_bareis,🌉
California - BBAR,Big Bear Association of REALTORS®,ca_bbar,🌉
California - BEAR,Bay East Association of REALTORS®,ca_bear,🌉
California - CARETS,CARETS®,ca_carets,🌉
California - CCAR,Contra Costa Association of REALTORS®,ca_ccar,🌉
California - CCRMLS,Central Coast Regional Multiple Listing Service,ca_ccrmls,🌉
California - CLAW,Combined L.A./Westside MLS,ca_claw,🌉
California - CMAR,Coastal Mendocino Association of REALTORS®,ca_cmar,🌉
California - CRISNET,CRISNet MLS,ca_crisnet,🌉
California - CSMAR,Conejo Simi Moorpark Association of REALTORS®,ca_csmar,🌉
California - CVCAR,Calaveras County Association of Realtors,ca_cvcar,🌉
California - DAMLS,Desert Area MLS,ca_damls,🌉
California - EBRD,Bridge MLS,ca_ebrd,🌉
California - FMLS,Fresno Association of REALTORS®,ca_fmls,🌉
California - GAVAR,Greater Antelope Valley Association of REALTORS®,ca_gavar,🌉
California - HAR,Humboldt Association of REALTORS®,ca_har,🌉
California - ICAR,Imperial County Association of REALTORS®,ca_icar,🌉
California - ITECH,Internet-Technology Multiple Listing Service,ca_itech,🌉
California - KCBOR,Kings County Board of REALTORS®,ca_kcbor,🌉
California - LVAOR,,ca_lvaor,🌉
California - METROLIST,Metrolist Services Inc.,ca_metrolist,🌉
California - MLBOR,Mammoth Lakes Board of REALTORS®,ca_mlbor,🌉
California - MLSListings,MLSListings Inc.,ca_mlslistings,🌉
California - MRMLS,California Regional Multiple Listing Service Inc.,ca_mrmls,🌉
California - NCMLS,Nevada County Association of REALTORS®,ca_ncmls,🌉
California - NSBCRMLS,North Santa Barbara County Regional MLS,ca_nsbcrmls,🌉
California - OBBR,Orange Belt Board of Realtors,ca_obbr,🌉
California - OVMLS,Ojai Valley Board of REALTORS®,ca_ovmls,🌉
California - PLAR,Plumas Association of REALTORS®,ca_plar,🌉
California - RAAR,Ridgecrest Area Association of REALTORS®,ca_raar,🌉
California - ROTWAR,Rim O' the World Association of REALTORS®,ca_rotwar,🌉
California - SANDICOR,Sandicor Inc.,ca_sandicor,🌉
California - SAR,Shasta Association of REALTORS®,ca_sar,🌉
California - SBAOR,Santa Barbara Association of REALTORS®,ca_sbaor,🌉
California - SCAR,,ca_scar,🌉
California - SDMLS,San Diego Multiple Listing Service,ca_sdmls,🌉
California - SFAR,San Francisco Association of REALTORS®,ca_sfar,🌉
California - SOCAL,SoCalMLS Inc.,ca_socal,🌉
California - STAR,South Tahoe Board of REALTORS®,ca_star,🌉
California - SYAR,Sutter Yuba Association of REALTORS®,ca_syar,🌉
California - TAAR,Tehachapi Area Association of REALTORS®,ca_taar,🌉
California - TCAR,Tuolumne County Association of REALTORS®,ca_tcar,🌉
California - TCMLS,Tulare County Multiple Listing Service,ca_tcmls,🌉
California - THCAR,Tehama County Association of REALTORS®,ca_thcar,🌉
California - TSBOR,Tahoe Sierra Multiple Listing Service,ca_tsbor,🌉
California - VCMLS,Ventura County Coastal Assoc of REALTORS® Conejo Valley Multiple Listing Service,ca_vcmls,🌉
California - VVMLS,High Desert Association of REALTORS®,ca_vvmls,🌉
Colorado - AGSMLS,Aspen / Glenwood Springs Multiple Listing Service,co_agsmls,🏔
Colorado - CCBOR,Chaffee County Board of REALTORS® Inc.,co_ccbor,🏔
colorado - CREN,Colorado Real Estate Network,co_cren,🏔
Colorado - CREN,Colorado Real Estate Network,co_cren_actives,🏔
Colorado - GCBOR,,co_gcbor,🏔
Colorado - GJARA,Grand Junction Area REALTORS® Association,co_gjara,🏔
Colorado - IRES,Information and Real Estate Services LLC,co_ires,🏔
Colorado - METROLIST,REcolorado,co_metrolist,🏔
Colorado - PAR,Pueblo Association of REALTORS®,co_par,🏔
Colorado - PPAR,Pikes Peak Multiple Listing Service,co_ppar,🏔
Colorado - RGAR,Royal George Association of REALTORS® Inc.,co_rgar,🏔
Colorado - SAR,Summit Association of REALTORS®,co_sar,🏔
Colorado - TAR,Telluride Association of REALTORS®,co_tar,🏔
Colorado - VBR,Vail Multi-List Service Inc.,co_vbr,🏔
Connecticut - DMLS,,ct_dmls,🐋
Connecticut - GAR,Greenwich Association of REALTORS®,ct_gar,🐋
Connecticut - GNHAR,Smart MLS Inc.,ct_gnhar,🐋
Connecticut - CMLS,Smart MLS Inc.,ct_mls,🐋
Connecticut - NCMLS,,ct_ncmls,🐋
Delaware - SCAOR,Sussex County Association of REALTORS® Inc.,de_scaor,🐺
Florida - AINCAR,Amelia Island-Nassau County Association of REALTORS® Inc.,fl_aincar,🍊
Florida - BCMLS,Central Panhandle Association of REALTORS®,fl_bcmls,🍊
Florida - BEAR,Bonita Springs-Estero Board of REALTORS®,fl_bear,🍊
Chipola Board of REALTORS®,FL_CABR,fl_cabr,🍊
Florida - CAPE,,fl_cape,🍊
Florida - CMLS,REALTORS® Association of Citrus County,fl_cmls,🍊
Florida - DBAAR,Daytona Beach Area Association of REALTORS®,fl_dbaar,🍊
Florida - EABOR,Englewood Area Board of REALTORS®,fl_eabor,🍊
Florida - ECAR,Emerald Coast Association of REALTORS®,fl_ecar,🍊
Florida - FCAR,Flagler County Association of REALTORS®,fl_fcar,🍊
Florida - FGCMLS,Florida Gulf Coast MLS,fl_fgcmls,🍊
Florida - FKBOR,The Florida Keys Board of REALTORS®,fl_fkbor,🍊
Florida - GACAR,Gainesville-Alachua County Association of REALTORS®,fl_gacar,🍊
Florida - GFMB,Royal Palm Coast Association of REALTORS®,fl_gfmb,🍊
Florida - GTAR,Greater Tampa Bay MLS,fl_gtar,🍊
Florida - HAR,Heartland Association of REALTORS® INC,fl_har,🍊
Florida - HCAR,Hernando County Association of REALTORS®,fl_hcar,🍊
Florida - JTHS,Jupiter Tequesta Hobe Sound Council of the MIAMI Association of REALTORS®,fl_jths,🍊
Florida - KWAR,Key West Association of REALTORS®,fl_kwar,🍊
Florida - MAR,Manatee County MLS,fl_mar,🍊
Florida - MFRMLS,Stellar MLS,fl_mfrmls,🍊
Florida - MIAAR,Marco Island Area Association of REALTORS® Multiple Information Service,fl_miaar,🍊
Florida - MLSN,Naples Area Board of REALTORS®,fl_mlsn,🍊
Florida - NABOR,Navarre Area Board of REALTORS®,fl_nabor,🍊
Florida - NEFMLS,Northeast Florida MLS Inc.,fl_nefmls,🍊
Florida - NFMLS,Lake City Board of Realtors Inc.,fl_nfmls,🍊
Florida - NSB,New Smyrna Beach Board of REALTORS®,fl_nsb,🍊
Florida - OCALA,Ocala/Marion County Association of REALTORS®,fl_ocala,🍊
Florida - OCCBR,Okeechobee County Board Of REALTORS®,fl_occbr,🍊
Florida - PBMLS,NULL,fl_pbmls,🍊
Florida - PMLS,Pensacola Association of REALTORS® Inc.,fl_pmls,🍊
Florida - PSAR,Pinellas Suncoast Association of REALTORS® Inc.,fl_psar,🍊
Florida - RAFGC,REALTOR® Association of Franklin & Gulf Counties,fl_rafgc,🍊
Florida - RAGFL,BeachesMLS,fl_ragfl,🍊
Florida - RAGFL_RAMB,RAGFL and RAMB Combo Market,fl_ragfl_ramb,🍊
Florida - RAGFL_RAMB_RMLS,"RAGFL,RAMB",fl_ragfl_ramb_rmls,🍊
Florida - RAIRC,REALTORS® Association of Indian River County Inc.,fl_rairc,🍊
Florida - RAMB,Miami Association of REALTORS®,fl_ramb,🍊
Florida - RAMC,Martin County REALTORS® of the Treasure Coast Inc.,fl_ramc,🍊
Florida - RAMDC,REALTOR® Association of Miami-Dade County,fl_ramdc,🍊
Florida - RMLS,BeachesMLS,fl_rmls,🍊
Florida - SASJCBR,St. Augustine & St. Johns County Board of REALTORS®,fl_sasjcbr,🍊
Florida - SBBR,South Broward Board of REALTORS®,fl_sbbr,🍊
Florida - sciaor,Sanibel and Captiva Islands Association of REALTORS®,fl_sciaor,🍊
Florida - SEFMLS,Southeast Florida Multiple Listing Service,fl_sefmls,🍊
Florida - SMLS,Sarasota Association for REALTORS® Multiple Listing Service,fl_smls,🍊
Florida - SPACE,MLS of South Brevard & the Space Coast Association of REALTORS®,fl_space,🍊
Florida - Sunshine,Sunshine Multiple Listing Service,fl_sunshine,🍊
Florida - SWFMLS,Southwest Florida MLS,fl_swfmls,🍊
Florida - TBR,Tallahassee Board of REALTORS®,fl_tbr,🍊
Georgia - AAAR,Athens Area Association of REALTORS® Inc. / Classic MLS,ga_aaar,🍑
Georgia - ABBR,,ga_abbr,🍑
Georgia - ABOR,,ga_abor,🍑
Georgia - CBR,Columbus Board of REALTORS®,ga_cbr,🍑
Georgia - CCAR,Carpet Capital Association of REALTORS®,ga_ccar,🍑
Georgia - CGMLS,Central Georgia MLS,ga_cgmls,🍑
Georgia - Crisp,Crisp Area Board of REALTORS® Inc.,ga_crisp,🍑
Georgia - DBR,Dublin Board of REALTORS®,ga_dbr,🍑
Georgia - DCCBR,Douglas Coffee County Board of REALTORS®,ga_dccbr,🍑
Georgia - FMLS,First Multiple Listing Service Inc.,ga_fmls,🍑
Georgia - FMLS/GAMLS,Georgia and First MLS Combination,ga_fmls_mls,🍑
Georgia - GAAR,Greater Augusta Association of REALTORS®,ga_gaar,🍑
Georgia - GIAR,Golden Isles Association of REALTORS®,ga_giar,🍑
Georgia - HABOR,Hinesville Area Board of REALTORS®,ga_habor,🍑
Georgia - HWSBR,"Habersham, White and Stephens County Board of Realtors",ga_hwsbr,🍑
Georgia - LCBOR,Lake Country Board Of REALTORS®,ga_lcbor,🍑
Georgia - MGAR,Middle Georgia Association of REALTORS®,ga_mgar,🍑
Georgia - GAMLS,Georgia MLS,ga_mls,🍑
Georgia - MMLS,Milledgeville Multiple Listing Service,ga_mmls,🍑
Georgia - NEGBOR,Northeast Georgia Board of REALTORS® Inc.,ga_negbor,🍑
Georgia - SABOR,Savannah Multi-List Corporation,ga_sabor,🍑
Georgia - SWGBR,Southwest Georgia Board of REALTORS®,ga_swgbr,🍑
Georgia - TABR,Thomasville Area Board of REALTORS®,ga_tabr,🍑
Georgia - TIFT,Tiftarea Board of REALTORS®,ga_tift,🍑
Georgia - VBR,,ga_vbr,🍑
Hawaii - HBR,Honolulu Board of REALTORS®,hi_hbr,🏝
Hawaii - HIS,Hawaii Information Service,hi_his,🏝
Hawaii - RAM,REALTORS® Association of Maui Inc.,hi_ram,🏝
Iowa - CIBR,Central Iowa Board of REALTORS®,ia_cibr,🌽
Iowa - CLMLS,North Iowa Regional MLS,ia_clmls,🌽
Iowa - CRAAR,Cedar Rapids Area Association of REALTORS®,ia_craar,🌽
Iowa - DBOR,East Central Iowa Association of REALTORS®,ia_dbor,🌽
Iowa - DMAAR,Des Moines Area Association of REALTORS®,ia_dmaar,🌽
Iowa - FDBR,Fort Dodge Board of REALTORS,ia_fdbr,🌽
Iowa - FIMLS,,ia_fimls,🌽
Iowa - GMCBOR,Greater Mason City Board of REALTORS®,ia_gmcbor,🌽
Iowa - GSCBOR,Northwest Iowa Regional Board of REALTORS®,ia_gscbor,🌽
Iowa - HOI,,ia_hoi,🌽
Iowa - ICAAR,Iowa City Area Association of REALTORS®,ia_icaar,🌽
Iowa - IGLBOR,Iowa Great Lakes Board of REALTORS®,ia_iglbor,🌽
Iowa - MCBR,Muscatine Board of REALTORS®,ia_mcbr,🌽
Iowa - MMLS,,ia_mmls,🌽
Iowa - NEIMLS,Northeast Iowa Regional Board of REALTORS®,ia_neimls,🌽
Iowa - QCARA,Quad City Area REALTORS® Association,ia_qcara,🌽
Iowa - QCARA COM,Quad City Area Realtors Association - Commercial,ia_qcara_com,🌽
Iowa - Realtors Land Institute,,ia_rli,🌽
Iowa - RVMLS,,ia_rvmls,🌽
Iowa - SWIAR,Southwest Iowa Association of REALTORS®,ia_swiar,🌽
Iowa - WCIMLS,,ia_wcimls,🌽
Idaho - CDAR,Coeur d'Alene MLS,id_cdar,🥔
Idaho - Intermountain,Intermountain Multiple Listing Service Inc.,id_imls,🥔
Idaho - MCAR,Mountain Central Association of REALTORS®,id_mcar,🥔
Idaho - MCMLS,Mini Cassia Association of REALTORS®,id_mcmls,🥔
Idaho - PAOR,Greater Pocatello Association of REALTORS®,id_paor,🥔
Idaho - SAR,Selkirk Association of REALTORS®,id_sar,🥔
Idaho - SBOR,The Sun Valley Board of REALTORS®,id_sbor,🥔
Idaho - SRMLS,Snake River Multiple Listing Service,id_srmls,🥔
Illinois - BNAR,Bloomington-Normal Association of REALTORS® Inc.,il_bnar,🔧
Illinois - CAAR,Capital Area Association of REALTORS®,il_caar,🔧
Illinois - CCAR,Champaign County Association of REALTORS®,il_ccar,🔧
Illinois - CIBOR,,il_cibor,🔧
Illinois - DABR,,il_dabr,🔧
Illinois - EBOR,Egyptian Multiple Listing Service,il_ebor,🔧
Illinois - LCBR,Logan County Board of Realtors,il_lcbr,🔧
Illinois - MAPMLS,,il_mapmls,🔧
Illinois - MLSNI (IDX),,il_mlsni,🔧
Illinois - MLSNI (COMBO),,il_mlsni_combo,🔧
Illinois - MLSNI (VOW),,il_mlsni_vow,🔧
Illinois - MRED,Midwest Real Estate Data,il_mred,🔧
Illinois - MVAR,Mid Valley Association of Realtors,il_mvar,🔧
Illinois - PAAR,Peoria Area Association of REALTORS®,il_paar,🔧
Illinois - PAAR_COM,Peoria Area Commercial MLS,il_paar_com,🔧
Illinois - QAR,,il_qar,🔧
Illinois - RAAR,Rockford Area Association of REALTORS®,il_raar,🔧
Illinois - RANWI,REALTORS® Association of Northwestern Illinois,il_ranwi,🔧
Illinois - SIR,Southwestern Illinois Regional Multiple Listing Service Inc.,il_sir,🔧
Indiana - BBOR,,in_bbor,🏇
Indiana - EBOR,Southwest Indiana Association Of Realtors,in_ebor,🏇
Indiana - ECIBR,,in_ecibr,🏇
Indiana - GNIAR,Multiple Listing Service of the Greater Northwest Indiana Association of REALTORS®,in_gniar,🏇
Indiana - JEFBOR,Jefferson County Board of Realtors,in_jefbor,🏇
Indiana - LBAR,Indiana Regional MLS,in_lbar,🏇
Indiana - MIBOR,Metropolitan Indianapolis Board of REALTORS®,in_mibor,🏇
Indiana - RAR,Richmond Association of REALTORS®,in_rar,🏇
Indiana - SEIBR,Southeastern Indiana Board of Realtors®,in_seibr,🏇
Indiana - SIRA,Southern Indiana REALTORS® Association,in_sira,🏇
Indiana - THAAR,in_thaar,in_thaar,🏇
Kansas - DCBR,Dodge City Board of REALTORS®,ks_dcbr,🌪
Kansas - EMLS,,ks_emls,🌪
Kansas - GBMLS,Great Bend Multiple Listing Service,ks_gbmls,🌪
Kansas - GCBR,Garden City Board of REALTORS®,ks_gcbr,🌪
Kansas - HBOR,Mid-Kansas MLS,ks_hbor,🌪
Kansas - HMLS,Hays Multiple Listing Service,ks_hmls,🌪
Kansas - JCBR,Tall Grass Association of REALTORS®,ks_jcbr,🌪
Kansas - LMLS,Lawrence Board of REALTORS®,ks_lmls,🌪
Kansas - MAR,Flint Hills Association of REALTORS®,ks_mar,🌪
Kansas - MKMLS,Mid-Kansas Multiple Listing Service,ks_mkmls,🌪
Kansas - PBOR,,ks_pbor,🌪
Kansas - PKAMLS,Parsons Kansas Area MLS,ks_pkamls,🌪
Kansas - SEKMLS,Southeast Kansas MLS,ks_sekmls,🌪
Kansas - SMLS,Salina Multiple Listing Service,ks_smls,🌪
Kansas - SWKMLS,South West Kansas MLS Board of REALTORS®,ks_swkmls,🌪
Kansas - TAAR,Sunflower Area Association of REALTORS®,ks_taar,🌪
Kansas - WAAR,South Central Kansas MLS,ks_waar,🌪
Kentucky - AABR,Ashland Area Board Of REALTORS®,ky_aabr,🍗
Kentucky - CKAR,Central Kentucky Association of REALTORS®,ky_ckar,🍗
Kentucky - EKAR,,ky_ekar,🍗
Kentucky - GORA,Greater Owensboro REALTORS® Association,ky_gora,🍗
Kentucky - HABR,,ky_habr,🍗
Kentucky - HCTCAR,Hopkinsville Christian and Todd County Association of REALTORS®,ky_hctcar,🍗
Kentucky - HKAR,Heart of Kentucky Association of REALTORS®,ky_hkar,🍗
Kentucky - LBAR,Lexington-Bluegrass Association of REALTORS®,ky_lbar,🍗
Kentucky - MCBR,,ky_mcbr,🍗
The Madisonville-Hopkins County Board of REALTORS®,ky_mfcbr,ky_mfcbr,🍗
Kentucky - MHCBR,Madisonville-Hopkins County Board of REALTORS®,ky_mhcbr,🍗
Mid Kansas Multiple Listing Service,ky_mkmls,ky_mkmls,🍗
Kentucky - MSMLS,Metro Search Inc.,ky_msmls,🍗
Kentucky - NKMLS,Northern Kentucky Association of REALTORS®,ky_nkmls,🍗
Kentucky - SCKAR,South Central Kentucky Association of REALTORS®,ky_sckar,🍗
Kentucky - SLCBR,,ky_slcbr,🍗
Kentucky - SOKMLS,REALTORS® Association of Southern Kentucky,ky_sokmls,🍗
Kentucky - WKRMLS,Western Kentucky Regional MLS Inc.,ky_wkrmls,🍗
Louisiana - BBOR,Bayou Board of REALTORS®,la_bbor,🐊
Louisiana - CLBOR,Central Louisiana Board of REALTORS®,la_clbor,🐊
Louisiana - GBRMLS,Greater Baton Rouge MLS,la_gbrmls,🐊
Louisiana - GFPBR,Greater Fort Polk Area Board of REALTORS®,la_gfpbr,🐊
Louisiana - GSREIN,Gulf South Real Estate Information Network,la_gsrein,🐊
Louisiana - NEBOR,Northeast Louisiana Board of REALTORS®,la_nebor,🐊
Louisiana - NWLAR,Northwest Louisiana Association of REALTORS® Inc.,la_nwlar,🐊
Louisiana - RAAMLS,REALTORS® Association of Acadiana,la_raamls,🐊
Louisiana - SWLAR,Southwest Louisiana Association of REALTORS®,la_swlar,🐊
Massachusetts - BCMLS,Berkshire County Multiple Listing Service,ma_bcmls,🖥
Massachusetts - CCIAOR,Cape Cod and Islands Multiple Listing Service Inc.,ma_cciaor,🖥
Massachusetts - LMV,LINK Martha's Vineyard,ma_lmv,🖥
Massachusetts - MLSPIN,MLS Property Information Network Inc.,ma_mlspin,🖥
Manitoba - WRA,Winnipeg REALTORS®,mb_wra,🐻‍❄️
Maryland - CAR,Coastal Association of REALTORS®,md_car,🦀
Maryland - MRIS,Metropolitan Regional Information Systems Inc.,md_mris,🦀
Maine - MREIS,Maine Real Estate Information System Inc.,me_mreis,🎣
Michigan - AARMLS,Ann Arbor Area Board of REALTORS®,mi_aarmls,⚙
Michigan - BCRA,Bay County REALTORS® Association,mi_bcra,⚙
Michigan - CBGOR,MI_CGBOR,mi_cgbor,⚙
Michigan - CGBR,,mi_cgbr,⚙
Michigan - DRAR,,mi_drar,⚙
Michigan - EUPBR,Eastern Upper Peninsula Board of REALTORS®,mi_eupbr,⚙
Michigan - FAAR,East Central Association of REALTORS®,mi_faar,⚙
Michigan - GLAR,Greater Lansing Association of REALTORS®,mi_glar,⚙
Michigan - GLAR,NULL,mi_glar_beta,⚙
Michigan - GRAR,Greater Regional Alliance of REALTORS®,mi_grar,⚙
Michigan - GSAR,,mi_gsar,⚙
Michigan - JMLS,Jackson Area Association of Realtors,mi_jmls,⚙
Michigan - LCAR,Lenawee County Association of REALTORS®,mi_lcar,⚙
Michigan - MBOR,Midland Board of REALTORS®,mi_mbor,⚙
Michigan - NGLRMLS,Northern Great Lakes REALTORS® MLS,mi_nglrmls,⚙
Michigan - NMMLS,,mi_nmmls,⚙
Michigan - PBBR,,mi_pbbr,⚙
Michigan - REALCombo,RealSource / RealComp Combo,mi_realcombo,⚙
Michigan - REALCOMP,Realcomp II LTD.,mi_realcomp,⚙
Michigan - REALSOURCE,MiRealSource Inc.,mi_realsource,⚙
Michigan - SBR,Saginaw Board of REALTORS®,mi_sbr,⚙
Michigan - SWMRIC,Michigan Regional Information Center LLC,mi_swmric,⚙
Michigan - UPAR,Upper Peninsula Association of REALTORS®,mi_upar,⚙
Michigan - WWBR,Water Wonderland Board of REALTORS®,mi_wwbr,⚙
Minnesota - DAAR,Duluth Area Association of REALTORS®,mn_daar,🪵
Minnesota - ICBR,,mn_icbr,🪵
Minnesota - LCAR,Lakes Country Association of REALTORS®,mn_lcar,🪵
Minnesota - LRAR,Lakes Region Association of REALTORS®,mn_lrar,🪵
Minnesota - NWMAR,Northwest Minnesota Association of REALTORS®,mn_nwmar,🪵
Minnesota - RAOR,Range Association of REALTORS®,mn_raor,🪵
Minnesota Mankato - RASM,REALTORS®Association of Southern Minnesota,mn_rasm,🪵
Minnesota - RMLS,Northstar MLS,mn_rmls,🪵
Minnesota - SEMAR,Southeast Minnesota Association of REALTORS Multiple Listing Service,mn_roch,🪵
Minnesota - SASI,,mn_sasi,🪵
Minnesota - WCAR,West Central Association of REALTORS®,mn_wcar,🪵
Missouri - ACBOR,,mo_acbor,🐸
Missouri - BDAR,Bagnell Dam Association of REALTORS®,mo_bdar,🐸
Missouri - CBCBOR,,mo_cbcbor,🐸
Missouri - CBOR,Columbia Board of REALTORS®,mo_cbor,🐸
Missouri - CBR,MO_CBR,mo_cbr,🐸
Missouri - GSBOR,Greater Springfield Board of REALTORS®,mo_gsbor,🐸
Missouri - JCBOR,Jefferson City Board of REALTORS®,mo_jcbor,🐸
Missouri - LOBR,Lake of the Ozarks Board of REALTORS®,mo_lobr,🐸
Missouri - MABOR,,mo_mabor,🐸
Missouri - MARIS,Mid America Regional Information Systems,mo_maris,🐸
Missouri - NECAR,,mo_necar,🐸
Missouri - OGMLS,Ozark Gateway Association of REALTORS®,mo_ogmls,🐸
Missouri - OTBR,,mo_otbr,🐸
Missouri - RCBR,,mo_rcbr,🐸
Missouri - SJRAR,St. Joseph Regional Association of Realtors,mo_sjrar,🐸
Missouri - SMRMLS,Southern Missouri Regional MLS LLC,mo_smrmls,🐸
Missouri - TLBOR,Tri-Lakes Board of REALTORS® Inc.,mo_tlbor,🐸
Missouri - TRBR,,mo_trbr,🐸
Missouri - WCAR,WEST CENTRAL ASSOCIATION OF REALTORS®,mo_wcar,🐸
Mississippi - FCBR,Four County Board of REALTORS®,ms_fcbr,🦞
Mississippi - GTAR,,ms_gtar,🦞
Mississippi - HAAR,Hattiesburg Area Association of REALTORS®,ms_haar,🦞
Mississippi - MBOR,,ms_mbor,🦞
Mississippi - MGCMLS,Mississippi Gulf Coast MLS Inc.,ms_mgcmls,🦞
Mississippi - MLSoJ,Central Mississippi MLS Inc.,ms_mlsoj,🦞
Mississippi - NBR,,ms_nbr,🦞
Mississippi - NCMR,North Central Mississippi REALTORS®,ms_ncmr,🦞
Mississippi - NEMBOR,,ms_nembor,🦞
Mississippi - NWMAR,Northwest Mississippi Association of REALTORS®,ms_nwmar,🦞
Mississippi - PRBR,Pearl River Board of REALTORS®,ms_prbr,🦞
Mississippi - SWMBR,Southwest Mississippi Board of REALTORS®,ms_swmbr,🦞
Mississippi - VBWC,Vicksburg - Warren County Board of REALTORS®,ms_vbwc,🦞
Montana - BAR,Billings Association of REALTORS®,mt_bar,🏞
Montana - BBORMLS,Rocky Mountain Association of REALTORS®,mt_bbormls,🏞
Montana - BVBR,,mt_bvbr,🏞
Montana - BZM,Big Sky Country MLS - Gallatin Association of REALTORS®,mt_bzm,🏞
Montana - GFAR,Great Falls Association of REALTORS®,mt_gfar,🏞
Montana - HMLS,Helena Multiple Listing Service,mt_hmls,🏞
Montana - LBAR,Lewistown Association of REALTORS,mt_lbar,🏞
Montana - LCMLS,,mt_lcmls,🏞
Montana - MOR,Missoula Organization of REALTORS® / Montana Regional MLS,mt_mor,🏞
Montana - NMAR,Montana Regional MLS,mt_nmar,🏞
North Carolina - AAAR,Albemarle Area Association of REALTORS®,nc_aaar,🛫
North Carolina - BAAR,Burlington Alamance County Association of REALTORS® INC,nc_baar,🛫
North Carolina - BCAR,Brunswick County Association of REALTORS®,nc_bcar,🛫
North Carolina - BCBR,,nc_bcbr,🛫
North Carolina - CCAR,North Carolina Regional MLS,nc_ccar,🛫
North Carolina - CCBOR,,nc_ccbor,🛫
North Carolina - CVAR,MLS of Catawba Valley Inc.,nc_cvar,🛫
North Carolina - FBOR,Carolina Smokies Association of REALTORS®,nc_fbor,🛫
North Carolina - FRAR,Longleaf Pine REALTORS® Inc.,nc_frar,🛫
North Carolina - GPAR,Greenville-Pitt Association of REALTORS®,nc_gpar,🛫
North Carolina - GWCAR,Multiple Listing Service of Goldsboro,nc_gwcar,🛫
North Carolina - HCAR,High Country Association of REALTORS® Inc.,nc_hcar,🛫
North Carolina - HCMLS,Highlands Cashiers Board of REALTORS®,nc_hcmls,🛫
North Carolina - JBOR,Jacksonville Board of REALTORS®,nc_jbor,🛫
North Carolina - LBOR,,nc_lbor,🛫
North Carolina - MDBR,McDowell County Board of REALTORS®,nc_mdbr,🛫
North Carolina - MLBR,Mountain Lakes Board of REALTORS®,nc_mlbr,🛫
North Carolina - NBBR,New Bern/Neuse River Association of REALTORS®,nc_nbbr,🛫
North Carolina - OBAR,The Outer Banks Association of REALTORS®,nc_obar,🛫
North Carolina - PRAR,Piedmont Regional Multiple Listing Services Inc.,nc_prar,🛫
North Carolina - PSPAAR,Mid Carolina Regional Association of REALTORS®,nc_pspaar,🛫
North Carolina - RCBR,Rutherford County Board of REALTORS®,nc_rcbr,🛫
North Carolina - RMAAR,Rocky Mount Area Association of REALTORS® Inc.,nc_rmaar,🛫
North Carolina - RVLGBR,Roanoke Valley Lake Gaston Board of REALTORS®,nc_rvlgbr,🛫
North Carolina - SRAR,Salisbury/Rowan Association of REALTORS® Inc.,nc_srar,🛫
North Carolina - TIAR,,nc_tiar,🛫
North Carolina - Triangle MLS,Triangle MLS Inc.,nc_tmls,🛫
North Carolina - TRIAD,Triad MLS Inc.,nc_triad,🛫
North Carolina - TRMLS,Washington-Beaufort Board of REALTORS®,nc_trmls,🛫
North Carolina - WBOR,Wilson Board of REALTORS®,nc_wbor,🛫
North Carolina - WNCRMLS,North Carolina Mountains MLS,nc_wncrmls,🛫
North Carolina - WRAR,Wilmington Regional Association of REALTORS®,nc_wrar,🛫
North Dakota - BBOR,Badlands Board of REALTORS®,nd_bbor,🛢
North Dakota - BMBOR,Bismarck-Mandan Board of REALTORS®,nd_bmbor,🛢
North Dakota - FMAAR,Fargo Moorhead Area Association of REALTORS®,nd_fmaar,🛢
North Dakota - GFBOR,Grand Forks Board of REALTORS®,nd_gfbor,🛢
North Dakota - JBOR,Jamestown Board of REALTORS®,nd_jbor,🛢
North Dakota - MBR,Minot Multiple Listing Service,nd_mbr,🛢
North Dakota - WBOR,Williston Board of REALTORS®,nd_wbor,🛢
Nebraska - BCBR,,ne_bcbr,☘
Nebraska - CBOR,Columbus Board of REALTORS®,ne_cbor,☘
Nebraska - GIBR,NULL,ne_gibr,☘
Nebraska - LCBR,Lincoln County Board of REALTORS®,ne_lcbr,☘
Nebraska - MMLS,Midlands Multiple Listing Service,ne_mmls,☘
Nebraska - NBOR,,ne_nbor,☘
Nebraska - OABR,Great Plains REALTORS® MLS,ne_oabr,☘
Nebraska - SBCBR,,ne_sbcbr,☘
New Hampshire - NNEREN,The New England Real Estate Network,nh_nneren,🎿
New Jersey - CMCAR,Cape May County Association of REALTORS® Inc.,nj_cmcar,🏫
New Jersey Garden State - GSMLS,Garden State Multiple Listing Service LLC,nj_gsmls,🏫
New Jersey - HCMLS,Hudson County Multiple Listing Service,nj_hcmls,🏫
New Jersey - MCMLS,Central Jersey Multiple Listing System,nj_mcmls,🏫
New Jersey - MLS,New Jersey Multiple Listing Service Inc.,nj_mls,🏫
New Jersey - MOMLS,Monmouth Ocean Regional REALTORS,nj_momls,🏫
New Jersey - OCBR,Ocean County Board of REALTORS® / Jersey Shore MLS,nj_ocbr,🏫
New Jersey - SJSRMLS,South Jersey Shore Regional MLS,nj_sjsrmls,🏫
Pennsylvania - TREND,TReND Inc.,nj_trend,🏫
New Mexico - GAAR,,nm_gaar,🌵
New Mexico - LCAR,Las Cruces Association of REALTORS® Inc.,nm_lcar,🌵
New Mexico - OCAR,,nm_ocar,🌵
New Mexico - RANM,REALTOR® Association of New Mexico,nm_ranm,🌵
New Mexico - RAR,,nm_rar,🌵
New Mexico - RLCAR,,nm_rlcar,🌵
New Mexico - SCRAR,Silver City Regional Association of Realtors,nm_scrar,🌵
New Mexico - SFAR,Santa Fe Association of REALTORS®,nm_sfar,🌵
New Mexico - SJCBR,San Juan County Board of REALTORS®,nm_sjcbr,🌵
New Mexico - SWMLS,Southwest Multiple Listing Service,nm_swmls,🌵
New Mexico - TCAR,Taos County Association of REALTORS® Inc.,nm_tcar,🌵
Nova Scotia - MLS,Nova Scotia Association of REALTORS®,ns_mls,⚓
Nevada - ECAR,Elko County Association of REALTORS®,nv_ecar,🐍
Nevada - GLVAR,Greater Las Vegas Association of REALTORS®,nv_glvar,🐍
Nevada - IVBOR,Incline Village Board of REALTORS®,nv_ivbor,🐍
Nevada - MREA,Mesquite Real Estate Association,nv_mrea,🐍
Nevada - NNRMLS,Northern Nevada Regional MLS,nv_nnrmls,🐍
New York - ACVMLS,Adirondack-Champlain Valley Multiple Listing Service Inc.,ny_acvmls,🏢
New York - BBOR,Brooklyn Board of REALTORS®,ny_bbor,🏢
New York - BMNAR,,ny_bmnar,🏢
New York - CCBR,,ny_ccbr,🏢
New York - CCND,Columbia Greene Northern Dutchess MLS,ny_ccnd,🏢
New York - CGND,Columbia Greene Northern Dutchess Multiple Listing Service,ny_cgnd,🏢
New York - CNYIS,Central New York Information Service Inc.,ny_cnyis,🏢
New York - ECAR,The Elmira-Corning Regional Association of REALTORS®,ny_ecar,🏢
New York - GBAR,Greater Binghamton Association of REALTORS®,ny_gbar,🏢
New York - GCAR,Global MLS,ny_gcar,🏢
New York - GCMLS,Greene County Multiple Listing Service,ny_gcmls,🏢
New York - GENRIS,Greater Rochester Association of REALTORS®,ny_genris,🏢
New York - GHVMLS,OneKey™ MLS,ny_ghvmls,🏢
New York - GURBR,Mohawk Valley Association of REALTORS®,ny_gurbr,🏢
New York - IBR,Ithaca Board of REALTORS®,ny_ibr,🏢
New York - MHMLS,Mid Hudson Multiple Listing Service Inc,ny_mhmls,🏢
New York - MLSLI,Multiple Listing Service of Long Island,ny_mlsli,🏢
New York - MLSUC,Multiple Listing Service of Ulster County Inc.,ny_mlsuc,🏢
Northwest Wyoming Board of REALTORS®,ny_nwbr,ny_nwbr,🏢
New York - NYSAM,New York State Alliance MLS,ny_nysam,🏢
New York - ODBR,Otsego-Delaware Board of REALTORS® Inc.,ny_odbr,🏢
New York - REBNY,Real Estate Board of New York,ny_rebny,🏢
New York - REBNY (IDX),Real Estate Board of New York,ny_rebny_idx,🏢
New York - REBNY (MAN),Real Estate Board of New York and Manhattan MLS Combination,ny_rebny_man,🏢
New York - REBNY (MyPlanit),NULL,ny_rebny_mp,🏢
New York - SAR,Southern Adirondack Multiple Listing Service,ny_sar,🏢
New York - SCMLS (RETS),,ny_scmls_rets,🏢
New York - SIBOR,Staten Island Board of REALTORS®,ny_sibor,🏢
New York - WCAR,Southern Adirondack REALTORS®,ny_wcar,🏢
New York - WNYREIS,NY State Alliance of MLSs - CNYIS Inc.,ny_wnyreis,🏢
New York - WPMLS,Hudson Gateway Multiple Listing Service Inc.,ny_wpmls,🏢
Ohio - ABR,Ashland Board of REALTORS®,oh_abr,🚗
OHIO - ACBR,NULL,oh_acbr,🚗
Ohio - CBR,Columbus and Central Ohio Regional MLS,oh_cbr,🚗
Ohio - Cincy,MLS of Greater Cincinnati,oh_cincy,🚗
Ohio - CRIS,Centralized Real Estate Information Services Inc.,oh_cris,🚗
Ohio - DABR,Dayton Area Board of REALTORS® Inc.,oh_dabr,🚗
Ohio - FMLS,Firelands Association of REALTORS®,oh_fmls,🚗
Ohio - GPAMLS,Greater Portsmouth Area Multiple Listing Service,oh_gpamls,🚗
Ohio - hbor,Heartland Board of REALTORS®,oh_hbor,🚗
Ohio - KCBR,Knox County Board of REALTORS®,oh_kcbr,🚗
Ohio - LMLS,Lancaster Multiple Listing Service,oh_lmls,🚗
Ohio - MBOR,Mansfield Board of REALTORS®,oh_mbor,🚗
Ohio - MBR,Marion Board of Realtors,oh_mbr,🚗
Ohio - NEOHREX,Yes MLS,oh_neohrex,🚗
Ohio - NORMLS,Northern Ohio Regional Multiple Listing Service Inc.,oh_normls,🚗
Ohio - SVAOR,Scioto Valley Association of REALTORS®,oh_svaor,🚗
Ohio - TBR,Toledo Board of REALTORS®,oh_tbr,🚗
Ohio - WCAR,West Central Association of Realtors,oh_wcar,🚗
Ohio - WRIST,Western Regional Information Systems and Technology Inc.,oh_wrist,🚗
Oklahoma - LBR,Lawton Board of REALTORS®,ok_lbr,🐄
Oklahoma - MAOR,,ok_maor,🐄
Oklahoma - NCBR,North Central Board of REALTORS®,ok_ncbr,🐄
Oklahoma - NOBOR,Northeast Oklahoma Board of REALTORS®,ok_nobor,🐄
Oklahoma - NORES,Greater Tulsa Association of REALTORS®,ok_nores,🐄
Oklahoma - NWOAR,Northwest Oklahoma Association of REALTORS®,ok_nwoar,🐄
Oklahoma - OKCMAR,Oklahoma City Metropolitan Association Of REALTORS®,ok_okc,🐄
Oklahoma - SBR,Stillwater Board of REALTORS®,ok_sbr,🐄
Oklahoma - SOBR,Southern Oklahoma Board of REALTORS®,ok_sobr,🐄
Ontario - CAR,,on_car,🏒
Ontario - KWAR,Ontario Regional Technology Information System (ORTIS),on_kwar,🏒
Ontario - LSAR,London and St Thomas Association of REALTORS®,on_lsar,🏒
Ontario - OREB,Ottawa Real Estate Board,on_oreb,🏒
Ontario - RSLREB,Rideau-St. Lawrence Real Estate Board,on_rslreb,🏒
Ontario - SREB,Sudbury Real Estate Board,on_sreb,🏒
Ontario - TREB,Toronto Real Estate Board,on_treb,🏒
Ontario - TREB(VOW),,on_treb_vow,🏒
Oregon - GPMLS,Grants Pass Multiple Listing Service,or_gpmls,🦫
Oregon - LCBR,Lincoln County Board of REALTORS® Multiple Listing Service,or_lcbr,🦫
Oregon - MLCOBO,Oregon Datashare (KCAR | MLSCO | SOMLS),or_mlcobo,🦫
Oregon - RMLS,Portland Regional Multiple Listing Service,or_rmls,🦫
Oregon - SOMLS,Southern Oregon Multiple Listing Service,or_somls,🦫
Oregon - TCBR,Tillamook County Board of REALTORS®,or_tcbr,🦫
Oregon - WVMLS,Willamette Valley Multiple Listing Service,or_wvmls,🦫
Pennsylvania - AHAR,,pa_ahar,🌩
Pennsylvania - AVBR,Allegheny Valley Board of REALTORS®,pa_avbr,🌩
Pennsylvania - BSAR,Bradford Sullivan Association of REALTORS®,pa_bsar,🌩
Pennsylvania - CCAR,Centre County Association of REALTORS®,pa_ccar,🌩
Pennsylvania - CJAR,,pa_cjar,🌩
Pennsylvania - CSAR,Cambria Somerset Association of REALTORS®,pa_csar,🌩
Pennsylvania - CSVBR,,pa_csvbr,🌩
Pennsylvania - FBOR,Fayette Board of REALTORS®,pa_fbor,🌩
Pennsylvania - GEBR,Greater Erie Board of REALTORS®,pa_gebr,🌩
Pennsylvania - GHAR,,pa_ghar,🌩
Pennsylvania - GSBR,Greater Scranton Board of REALTORS®,pa_gsbr,🌩
Pennsylvania - GWBAR,Luzerne County Association of Realtors,pa_gwbar,🌩
Pennsylvania - LCAR,Keystone Multi-List Inc.,pa_krmls,🌩
Pennsylvania - LVAR,Greater Lehigh Valley REALTORS®,pa_lvar,🌩
Pennsylvania - MCAR,McKean County Association of REALTORS,pa_mcar,🌩
Pennsylvania - MJHMLS,,pa_mjhmls,🌩
Pennsylvania - NCPBR,,pa_ncpbr,🌩
Pennsylvania - PMAR,Pocono Mountains Association of REALTORS®,pa_pmar,🌩
Pennsylvania - PWAR,Pike Wayne Association of REALTORS®,pa_pwar,🌩
Pennsylvania - RAYAC,Realtor Associations of York and Adams Counties MLS,pa_rayac,🌩
Pennsylvania - WBVAR,,pa_wbvar,🌩
Pennsylvania - WCBR,,pa_wcbr,🌩
Pennsylvania - West Penn Multi-List,West Penn Multi-List Inc.,pa_wpn,🌩
Rhode Island - STATEWIDE,State-Wide MLS Inc.,ri_statewide,🔎
South Carolina - AAR,Western Upstate Association of REALTORS®,sc_aar,🌴
South Carolina - ABOR,Aiken Board of REALTORS®,sc_abor,🌴
South Carolina - BCAR,Beaufort-Jasper County REALTORS®,sc_bcar,🌴
South Carolina - CCAR,The Coastal Carolinas Association of REALTORS® MLS,sc_ccar,🌴
South Carolina - CML,Consolidated Multiple Listing Service Inc.,sc_cml,🌴
South Carolina - CTAR,Charleston Trident Multiple Listing Service Inc.,sc_ctar,🌴
South Carolina - GAR,Greenwood Association of REALTORS®,sc_gar,🌴
South Carolina - GGAR,Greater Greenville Association of REALTORS®,sc_ggar,🌴
South Carolina - GGAR,Greater Greenville Association of REALTORS,sc_ggar_vow,🌴
South Carolina - HHMLS,Multiple Listing Service of Hilton Head Island,sc_hhmls,🌴
South Carolina - PSMLS,,sc_psmls,🌴
South Carolina - RAGPD,Pee Dee REALTOR® Association,sc_ragpd,🌴
South Carolina - SBR,Sumter Board of REALTORS® Inc.,sc_sbr,🌴
South Carolina - SMAR,,sc_smar,🌴
South Carolina - SMLS,Spartanburg Board of REALTORS®,sc_smls,🌴
South Dakota - AAAR,NULL,sd_aaar,🌱
South Dakota - BHMLS,Black Hills Association of REALTORS® Multiple Listing Service,sd_bhmls,🌱
South Dakota - ECBR,,sd_ecbr,🌱
South Dakota - HBOR,,sd_hbor,🌱
South Dakota - LCAR,Lewis & Clark MLS/Meridian Association of Realtors,sd_lcar,🌱
South Dakota - LCBR,,sd_lcbr,🌱
South Dakota - NBHMLS,Mount Rushmore Area Association of REALTORS®,sd_nbhmls,🌱
South Dakota - RASE,REALTORS® Association of the Sioux Empire Inc.,sd_rase,🌱
Saskatchewan - ARR,,sk_arr,🌨
Saskatchewan - SRAR,Saskatoon Region Association of REALTORS®,sk_srar,🌨
Tennessee - CAR,Greater Chattanooga Association of REALTORS®,tn_car,🏎
Tennessee - CWTAR,Central West Tennessee Association of REALTORS®,tn_cwtar,🏎
Tennessee - GSMAR,Great Smoky Mountains Association of REALTORS®,tn_gsmar,🏎
Tennessee - KAAR,Knoxville Area Association of REALTORS®,tn_kaar,🏎
Tennessee - LAMLS,Lakeway Area Association of REALTORS®,tn_lamls,🏎
Tennessee - MAAR,Memphis Area Association of REALTORS®,tn_maar,🏎
Tennessee - MTRMLS,RealTracs Inc.,tn_mtrmls,🏎
Tennessee - RCAR,River Counties Multiple Listing Service Inc.,tn_rcar,🏎
Tennessee - RRAR,,tn_rrar,🏎
Texas - AAOR,Amarillo Association of REALTORS®,tx_aaor,🤠
Texas - ACTRIS,Austin/Central Texas Realty Information Service,tx_actris,🤠
Texas - BBOR,Beaumont Board of REALTORS®,tx_bbor,🤠
Texas - BCBR,Brazoria County Board of REALTORS®,tx_bcbr,🤠
Texas - BCSR,Bryan-College Station Regional Multiple Listing Service Inc.,tx_bcsr,🤠
Texas - BSPI,,tx_bspi,🤠
Texas - Coastal Bend Association of REALTORS®,Coastal Bend Association of REALTORS®,tx_cbar,🤠
Texas - CCAR,Corpus Christi Association of REALTORS®,tx_ccar,🤠
Texas - CTXMLS,Central Texas MLS,tx_ctxmls,🤠
Texas - DRBOR,,tx_drbor,🤠
Texas - EPBOR,,tx_epbor,🤠
Texas - FHAAR,Fort Hood Area Association of Realtors,tx_fhaar,🤠
Texas - FRAR,,tx_frar,🤠
Texas - GAR,Galveston Association of REALTORS®,tx_gar,🤠
Texas - GCBOR,Central Hill Country Board of REALTORS®,tx_gcbor,🤠
Texas - GEPAR,Greater El Paso Association of REALTORS®,tx_gepar,🤠
Texas - GMAR,Greater McAllen Association of REALTORS®,tx_gmar,🤠
Texas - GTAR,Greater Tyler Association of REALTORS®,tx_gtar,🤠
Texas - HAR,Houston REALTORS® Information Service Inc.,tx_har,🤠
Texas - HCBR,Henderson County Board of REALTORS,tx_hcbr,🤠
Texas - HLAR,Highland Lakes Association of REALTORS®,tx_hlar,🤠
Texas - JMLS,Jasper Area Board of REALTORS®,tx_jmls,🤠
Texas - KAAR,,tx_kaar,🤠
Texas - KBOR,Kerrville Board of REALTORS®,tx_kbor,🤠
Texas - LAAR,Longview Area Association of REALTORS®,tx_laar,🤠
Texas - LAOR,Lufkin Association of REALTORS®,tx_laor,🤠
Texas - LAR,Lubbock Association of REALTORS®,tx_lar,🤠
Texas - LBR,Laredo Association of REALTORS®,tx_lbr,🤠
Texas - NBAR,New Braunfels/Canyon Lake Association of REALTORS®,tx_nbar,🤠
Texas - NMLS,Nacogdoches County Board of REALTORS®,tx_nmls,🤠
Texas - NTREIS,North Texas Real Estate Information Systems Inc.,tx_ntreis,🤠
Texas - OBOR,Odessa Board of REALTORS®,tx_obor,🤠
Texas - OCBR,,tx_ocbr,🤠
Texas - PAR,,tx_par,🤠
Texas - PBBOR,Permian Basin Board of REALTORS®,tx_pbbor,🤠
Texas - PMLS,Paris Texas Board of REALTORS®,tx_pmls,🤠
Texas - PNPANBR,"Port Neches, Port Arthur",tx_pnpanbr,🤠
Texas - RAAR,Rockport Area Association of REALTORS®,tx_raar,🤠
Texas - RGVMLS,Rio Grande Valley Multiple Listing Service,tx_rgvmls,🤠
Texas - SAAR,San Angelo Association of REALTORS®,tx_saar,🤠
Texas - SABOR,San Antonio Board of REALTORS®,tx_sabor,🤠
Texas - SMABOR,San Marcos Area Board of Realtors,tx_smabor,🤠
Texas - SPCAR,San Patricio County Board of Realtors,tx_spcar,🤠
Texas - SPIBR,South Padre Island Board of REALTORS®,tx_spibr,🤠
Texas - TBBOR,Temple-Belton Board of REALTORS,tx_tbbor,🤠
Texas - WAR,Waco Association of REALTORS®,tx_war,🤠
Texas - WFAR,Wichita Falls Association of REALTORS®,tx_wfar,🤠
Utah - CUBR,,ut_cubr,🧂
Utah - ICBOR,Iron County Board of REALTORS®,ut_icbor,🧂
Utah - KLS,Kanab Listing Service,ut_kls,🧂
Utah - PCBR,Park City Board of REALTORS®,ut_pcbr,🧂
Utah - WCMLS,Washington County Board of REALTORS®,ut_wcmls,🧂
Utah - WFRMLS,Wasatch Front Regional MLS Inc.,ut_wfrmls,🧂
Virginia - CAAR,Charlottesville Area Association of REALTORS®,va_caar,🗃
Virginia - CVRMLS,Central Virginia Regional Multiple Listing Service LLC,va_cvrmls,🗃
Virginia - ESAR,Eastern Shore Association of REALTORS®,va_esar,🗃
Virginia - GAAR,Greater Augusta Association of REALTORS®,va_gaar,🗃
Virginia - LAR,Lynchburg Association of REALTORS®,va_lar,🗃
Virginia - MTCBR,,va_mtcbr,🗃
Virginia - NNAR,Northern Neck Association of REALTORS®,va_nnar,🗃
Virginia - REIN,Real Estate Information Network Inc.,va_rein,🗃
Virginia - RVAR,Roanoke Valley Association of REALTORS®,va_rvar,🗃
Virginia - SCAR,South Central Association of REALTORS®,va_scar,🗃
Virginia - SPLLAR,,va_spllar,🗃
Virginia - SWVAR,Southwest Virginia Association of REALTORS®,va_swvar,🗃
Virginia - WMLS,Williamsburg Area Association of REALTORS®,va_wmls,🗃
Washington - CBA,Commercial Brokers Association,wa_cba,🍎
Washington - NCWAR,North Central Washington Association of REALTORS®,wa_ncwar,🍎
Washington - NEWAR,Northeast Washington Association of REALTORS®,wa_newar,🍎
Washington - NWMLS,Northwest Multiple Listing Service,wa_nwmls,🍎
Washington - OLS,Olympic Listing Service,wa_ols,🍎
Washington - PRMLS,Pacific Regional MLS,wa_prmls,🍎
Washington - SAR,Spokane Association of REALTORS®,wa_sar,🍎
Washington - WWAR,Walla Walla Association of REALTORS®,wa_wwar,🍎
Washington - YAR,Yakima Association of REALTORS®,wa_yar,🍎
Wisconsin - CWMLS,Central Wisconsin Multiple Listing Service Corporation,wi_cwmls,🧀
Wisconsin - DCBR,Door County Board of REALTORS®,wi_dcbr,🧀
Wisconsin - GMAR,Greater Milwaukee Association of REALTORS®,wi_gmar,🧀
Wisconsin - GNMLS,Greater Northwoods Multiple Listing Service,wi_gnmls,🧀
Wisconsin - RANW,REALTOR® Association of Northeast Wisconsin,wi_ranw,🧀
Wisconsin - RANWW,REALTOR® Association of Northwestern Wisconsin,wi_ranww,🧀
Wisconsin - SAAR,,wi_saar,🧀
Wisconsin - SCWMLS,South Central Wisconsin Multiple Listing Service Corporation,wi_scwmls,🧀
Wisconsin - WIREX,Wisconsin Real Estate Exchange,wi_wirex,🧀
West Virginia - BBOR,,wv_bbor,🏡
West Virginia - FNBR,,wv_fnbr,🏡
West Virginia - GVBR,,wv_gvbr,🏡
West Virginia - HBR,Huntington Board of REALTORS®,wv_hbr,🏡
West Virginia - KVBOR,Kanawha Valley Board of REALTORS®,wv_kvbor,🏡
West Virginia - MOVMLS,,wv_movmls,🏡
West Virginia - NCWV,North Central West Virginia MLS,wv_ncwv,🏡
Wyoming - CBOR,Cheyenne Board of REALTORS®,wy_cbor,♨
Wyoming - CCBOR,,wy_ccbor,♨
Wyoming - LBR,Laramie Board of Realtors®,wy_lbr,♨
Wyoming - NWBR,Northwest Wyoming Board of REALTORS®,wy_nwbr,♨
Wyoming - SCBR,Sheridan County Board of Realtors ®,wy_scbr,♨
Wyoming - TBOR,Teton Board of REALTORS®,wy_tbor,♨
Wyoming - WYMLS,Wyoming Multiple Listing Service,wy_wymls,♨
